<?xml version="1.0" encoding="UTF-8"?>
<!DOCTYPE hibernate-mapping PUBLIC
"-//hibernate/hibernate mapping dtd2.0//en"
"http://hibernate.sourceforge.net/hibernate-mapping-3.0.dtd">
<hibernate-mapping>
<class name="mypojo" table="EmployeeStat12">
<id name="name1" column="name" type="string">
<generator class ="assigned"></generator></id>
<property name="salary" type="string" column="salary" />
<property name="address" type="string" column="address" />
<property name="dessignation" type="string" column="design" />
</class>
</hibernate-mapping>